HIGH,LOW,OPEN,CLOSE,DATE_TIME
-1.206349786,-1.204324461,-1.207405404,-1.204992568,2000.01.03 00:00:00
-1.202132302,-1.202516561,-1.204392596,-1.199569501,2000.01.03 00:15:00
-1.200927307,-1.200708661,-1.198969541,-1.203787442,2000.01.03 00:30:00
-1.175019906,-1.201311295,-1.204392596,-1.174261854,2000.01.03 00:45:00
-1.174417409,-1.176000697,-1.173661952,-1.177877232,2000.01.03 01:00:00
-1.17923739,-1.176000697,-1.177277322,-1.176672106,2000.01.03 01:15:00
-1.172007418,-1.170576997,-1.171854267,-1.171249039,2000.01.03 01:30:00
-1.169597427,-1.168166464,-1.170046582,-1.168838787,2000.01.03 01:45:00
-1.167187436,-1.167563831,-1.167033774,-1.168236224,2000.01.03 02:00:00
-1.168994929,-1.166961197,-1.170046582,-1.166428535,2000.01.03 02:15:00
-1.165982441,-1.165755931,-1.16582865,-1.164018283,2000.01.03 02:30:00
-1.150317501,-1.162742764,-1.16582865,-1.148351644,2000.01.03 02:45:00
-1.140075041,-1.145869032,-1.148956924,-1.139915762,2000.01.03 03:00:00
-1.140677538,-1.142253232,-1.138110815,-1.142928577,2000.01.03 03:15:00
-1.144292524,-1.144061132,-1.142931308,-1.142928577,2000.01.03 03:30:00
-1.146100017,-1.144061132,-1.143533869,-1.145941392,2000.01.03 03:45:00
-1.14790751,-1.149484832,-1.147149239,-1.148351644,2000.01.03 04:00:00
-1.151522497,-1.148882199,-1.150764609,-1.148954207,2000.01.03 04:15:00
-1.151522497,-1.148279565,-1.151367171,-1.150159333,2000.01.03 04:30:00
-1.151522497,-1.148279565,-1.150764609,-1.150761896,2000.01.03 04:45:00
-1.151522497,-1.148882199,-1.148354363,-1.151967022,2000.01.03 05:00:00
-1.151522497,-1.149484832,-1.148354363,-1.150761896,2000.01.03 05:15:00
-1.15332999,-1.148882199,-1.150162048,-1.150761896,2000.01.03 05:30:00
-1.150919999,-1.148279565,-1.151367171,-1.14955677,2000.01.03 05:45:00
-1.146100017,-1.147676932,-1.148354363,-1.144133703,2000.01.03 06:00:00
-1.14549752,-1.142855866,-1.142328746,-1.145941392,2000.01.03 06:15:00
-1.146702515,-1.144663766,-1.144738993,-1.147749081,2000.01.03 06:30:00
-1.14790751,-1.145869032,-1.147149239,-1.148954207,2000.01.03 06:45:00
-1.149715004,-1.153100632,-1.146546678,-1.153172148,2000.01.03 07:00:00
-1.153932487,-1.151895365,-1.153174856,-1.151967022,2000.01.03 07:15:00
-1.152124994,-1.151895365,-1.151367171,-1.150159333,2000.01.03 07:30:00
-1.153932487,-1.155511165,-1.150764609,-1.156787526,2000.01.03 07:45:00
-1.153932487,-1.157319065,-1.158597911,-1.154979837,2000.01.03 08:00:00
-1.157547473,-1.165153297,-1.154379979,-1.165825972,2000.01.03 08:15:00
-1.162969953,-1.164550664,-1.166431212,-1.159800342,2000.01.03 08:30:00
-1.162969953,-1.167563831,-1.161008157,-1.166428535,2000.01.03 08:45:00
-1.168994929,-1.177808596,-1.16582865,-1.179684921,2000.01.03 09:00:00
-1.177429897,-1.192271795,-1.179085006,-1.185710551,2000.01.03 09:15:00
-1.17923739,-1.185040196,-1.188123431,-1.177877232,2000.01.03 09:30:00
-1.177429897,-1.181424396,-1.177277322,-1.182095173,2000.01.03 09:45:00
-1.176827399,-1.180821763,-1.181495253,-1.182095173,2000.01.03 10:00:00
-1.181647381,-1.184437563,-1.180892691,-1.179082358,2000.01.03 10:15:00
-1.181044883,-1.182629663,-1.177879883,-1.183300299,2000.01.03 10:30:00
-1.181647381,-1.182027029,-1.182700376,-1.18149261,2000.01.03 10:45:00
-1.178634892,-1.180821763,-1.181495253,-1.177274669,2000.01.03 11:00:00
-1.180442385,-1.182629663,-1.177277322,-1.18149261,2000.01.03 11:15:00
-1.179839888,-1.179616496,-1.179687568,-1.179082358,2000.01.03 11:30:00
-1.181044883,-1.18021913,-1.179687568,-1.182095173,2000.01.03 11:45:00
-1.183454874,-1.184437563,-1.18029013,-1.185710551,2000.01.03 12:00:00
-1.185864865,-1.185642829,-1.185713185,-1.186313114,2000.01.03 12:15:00
-1.188877353,-1.192874429,-1.186918308,-1.194146434,2000.01.03 12:30:00
-1.194299832,-1.200708661,-1.193546486,-1.200172064,2000.01.03 12:45:00
-1.200927307,-1.198900761,-1.200777226,-1.198364375,2000.01.03 13:00:00
-1.200324809,-1.198298128,-1.198969541,-1.197761812,2000.01.03 13:15:00
-1.199722311,-1.200106028,-1.198366979,-1.198966938,2000.01.03 13:30:00
-1.198517316,-1.198900761,-1.199572102,-1.199569501,2000.01.03 13:45:00
-1.19731232,-1.198298128,-1.198969541,-1.197159249,2000.01.03 14:00:00
-1.196709823,-1.195887595,-1.197161856,-1.194146434,2000.01.03 14:15:00
-1.192492339,-1.194682328,-1.195354171,-1.195954123,2000.01.03 14:30:00
-1.197914818,-1.199503395,-1.196559294,-1.197761812,2000.01.03 14:45:00
-1.198517316,-1.206734994,-1.199572102,-1.208005383,2000.01.03 15:00:00
-1.206952283,-1.212158694,-1.207405404,-1.212223324,2000.01.03 15:15:00
-1.211772265,-1.215774494,-1.211623335,-1.211018198,2000.01.03 15:30:00
-1.209362274,-1.209748161,-1.211020774,-1.20740282,2000.01.03 15:45:00
-1.203337297,-1.206132361,-1.204995157,-1.204390005,2000.01.03 16:00:00
-1.203337297,-1.204324461,-1.202584911,-1.206197694,2000.01.03 16:15:00
-1.195504827,-1.204927094,-1.206802842,-1.194748997,2000.01.03 16:30:00
-1.156944976,-1.191066529,-1.194149048,-1.159197779,2000.01.03 16:45:00
-1.153932487,-1.159729598,-1.158597911,-1.152569585,2000.01.03 17:00:00
-1.148510008,-1.159729598,-1.153174856,-1.162813157,2000.01.03 17:15:00
-1.156944976,-1.159729598,-1.162815842,-1.160402905,2000.01.03 17:30:00
-1.160559962,-1.160332231,-1.161610719,-1.157390089,2000.01.03 17:45:00
-1.156342478,-1.157921698,-1.157995349,-1.1555824,2000.01.03 18:00:00
-1.130435078,-1.153703265,-1.154379979,-1.13147988,2000.01.03 18:15:00
-1.131640073,-1.1308032,-1.131482636,-1.130274754,2000.01.03 18:30:00
-1.109950156,-1.128392667,-1.130277513,-1.127864502,2000.01.03 18:45:00
-1.126820092,-1.132008467,-1.126662143,-1.130274754,2000.01.03 19:00:00
-1.131640073,-1.133213733,-1.130880075,-1.130877317,2000.01.03 19:15:00
-1.131037575,-1.133213733,-1.131482636,-1.136300384,2000.01.03 19:30:00
-1.123205106,-1.134419,-1.136905691,-1.120031182,2000.01.03 19:45:00
-1.119590119,-1.119955801,-1.120033965,-1.116415804,2000.01.03 20:00:00
-1.112360147,-1.116942634,-1.116418595,-1.110390174,2000.01.03 20:15:00
-1.090067733,-1.105492602,-1.108585294,-1.089300468,2000.01.03 20:30:00
-1.087055245,-1.08861887,-1.087495636,-1.08568509,2000.01.03 20:45:00
-1.08826024,-1.091029403,-1.086893075,-1.093518409,2000.01.03 21:00:00
-1.095490212,-1.094042569,-1.094123814,-1.095326099,2000.01.03 21:15:00
-1.091272728,-1.094042569,-1.097136623,-1.095928662,2000.01.03 21:30:00
-1.097900203,-1.097055736,-1.094726376,-1.097133788,2000.01.03 21:45:00
-1.093682719,-1.094042569,-1.096534061,-1.092313283,2000.01.03 22:00:00
-1.093080221,-1.094042569,-1.094123814,-1.097133788,2000.01.03 22:15:00
-1.099707696,-1.097055736,-1.096534061,-1.100146603,2000.01.03 22:30:00
-1.103322682,-1.103684702,-1.101354554,-1.104967107,2000.01.03 22:45:00
-1.107540166,-1.101876802,-1.104367362,-1.104364544,2000.01.03 23:00:00
-1.105732673,-1.102479435,-1.104969924,-1.104364544,2000.01.03 23:15:00
-1.105732673,-1.103684702,-1.102559678,-1.106172233,2000.01.03 23:30:00
-1.105732673,-1.104889969,-1.105572486,-1.103159418,2000.01.03 23:45:00
-1.103322682,-1.104287335,-1.104969924,-1.100146603,2000.01.04 00:00:00
-1.106937668,-1.105492602,-1.104969924,-1.107979922,2000.01.04 00:15:00
-1.109347659,-1.106095235,-1.109187856,-1.108582485,2000.01.04 00:30:00
-1.109950156,-1.107903135,-1.109187856,-1.108582485,2000.01.04 00:45:00
-1.10633517,-1.107300502,-1.108585294,-1.104364544,2000.01.04 01:00:00
-1.10392518,-1.105492602,-1.104969924,-1.104364544,2000.01.04 01:15:00
-1.097900203,-1.101876802,-1.103764801,-1.095326099,2000.01.04 01:30:00
-1.094285217,-1.094645203,-1.097739184,-1.093518409,2000.01.04 01:45:00
-1.096695207,-1.097055736,-1.094726376,-1.095928662,2000.01.04 02:00:00
-1.097297705,-1.097658369,-1.095931499,-1.098338914,2000.01.04 02:15:00
-1.097900203,-1.097055736,-1.097136623,-1.097736351,2000.01.04 02:30:00
-1.100912691,-1.100068902,-1.097739184,-1.101351729,2000.01.04 02:45:00
-1.100912691,-1.100671536,-1.100149431,-1.103159418,2000.01.04 03:00:00
-1.100310194,-1.102479435,-1.103162239,-1.103159418,2000.01.04 03:30:00
-1.105130175,-1.104889969,-1.103764801,-1.106172233,2000.01.04 03:45:00
-1.102117687,-1.104287335,-1.107380171,-1.100749166,2000.01.04 04:00:00
-1.102720184,-1.100671536,-1.103764801,-1.09954404,2000.01.04 04:15:00
-1.102720184,-1.103684702,-1.099546869,-1.103761981,2000.01.04 04:30:00
-1.102720184,-1.101876802,-1.101957116,-1.100749166,2000.01.04 04:45:00
-1.102117687,-1.101876802,-1.100751993,-1.104967107,2000.01.04 05:00:00
-1.10392518,-1.103082069,-1.104969924,-1.106172233,2000.01.04 05:15:00
-1.10392518,-1.104889969,-1.104969924,-1.100749166,2000.01.04 05:30:00
-1.103322682,-1.102479435,-1.100751993,-1.104967107,2000.01.04 05:45:00
-1.105130175,-1.101274169,-1.103162239,-1.103761981,2000.01.04 06:00:00
-1.100912691,-1.101876802,-1.103764801,-1.100146603,2000.01.04 06:15:00
-1.094285217,-1.097055736,-1.099546869,-1.095928662,2000.01.04 06:30:00
-1.100912691,-1.101274169,-1.097739184,-1.103761981,2000.01.04 06:45:00
-1.100912691,-1.101876802,-1.103764801,-1.101351729,2000.01.04 07:00:00
-1.10392518,-1.102479435,-1.102559678,-1.102556855,2000.01.04 07:15:00
-1.100912691,-1.108505768,-1.101354554,-1.104967107,2000.01.04 07:30:00
-1.108142663,-1.111518935,-1.105572486,-1.106172233,2000.01.04 07:45:00
-1.108745161,-1.116340001,-1.110392979,-1.114608115,2000.01.04 08:00:00
-1.113565143,-1.114532101,-1.11461091,-1.117018367,2000.01.04 08:15:00
-1.115372636,-1.119955801,-1.115816034,-1.118826056,2000.01.04 08:30:00
-1.105130175,-1.117545268,-1.120033965,-1.106172233,2000.01.04 08:45:00
-1.090670231,-1.106697868,-1.106777609,-1.095326099,2000.01.04 09:00:00
-1.093682719,-1.101876802,-1.092918691,-1.100749166,2000.01.04 09:15:00
-1.099707696,-1.100068902,-1.100751993,-1.101351729,2000.01.04 09:30:00
-1.103322682,-1.102479435,-1.102559678,-1.102556855,2000.01.04 09:45:00
-1.100912691,-1.109711035,-1.102559678,-1.109787611,2000.01.04 10:00:00
-1.108745161,-1.116942634,-1.110995541,-1.118223493,2000.01.04 10:15:00
-1.115372636,-1.115737368,-1.117021157,-1.113402989,2000.01.04 10:30:00
-1.112360147,-1.113326835,-1.114008349,-1.114005552,2000.01.04 10:45:00
-1.109950156,-1.112724201,-1.113405787,-1.112800426,2000.01.04 11:00:00
-1.109347659,-1.110916301,-1.113405787,-1.108582485,2000.01.04 11:15:00
-1.096695207,-1.106697868,-1.107982732,-1.093518409,2000.01.04 11:30:00
-1.086452747,-1.092837303,-1.094123814,-1.085082527,2000.01.04 11:45:00
-1.085247751,-1.089221503,-1.086290513,-1.087492779,2000.01.04 12:00:00
-1.076812784,-1.089824136,-1.08870076,-1.076044082,2000.01.04 12:15:00
-1.052110379,-1.072950404,-1.073034157,-1.060377443,2000.01.04 12:30:00
-1.055725365,-1.060295105,-1.062188047,-1.056762065,2000.01.04 12:45:00
-1.057532858,-1.063308272,-1.054957308,-1.054954376,2000.01.04 13:00:00
-1.058737853,-1.053063506,-1.055559869,-1.056159502,2000.01.04 13:15:00
-1.053315374,-1.058487205,-1.051944499,-1.059172317,2000.01.04 13:45:00
-1.06235284,-1.066924071,-1.059175239,-1.0676082,2000.01.04 14:00:00
-1.067172821,-1.071142504,-1.068213664,-1.066403074,2000.01.04 14:15:00
-1.059942849,-1.065116172,-1.063995732,-1.066403074,2000.01.04 14:30:00
-1.063557835,-1.064513538,-1.065200856,-1.060980006,2000.01.04 14:45:00
-1.06235284,-1.071142504,-1.062188047,-1.0676082,2000.01.04 15:00:00
-1.060545346,-1.067526705,-1.068213664,-1.059172317,2000.01.04 15:15:00
-1.059942849,-1.060295105,-1.059175239,-1.060377443,2000.01.04 15:30:00
-1.055122867,-1.061500372,-1.062188047,-1.054954376,2000.01.04 15:45:00
-1.049700388,-1.062103005,-1.051944499,-1.060980006,2000.01.04 16:00:00
-1.06235284,-1.069334605,-1.061585486,-1.065800511,2000.01.04 16:15:00
-1.065967826,-1.068731971,-1.067611102,-1.068813326,2000.01.04 16:30:00
-1.061750342,-1.070539871,-1.067611102,-1.068813326,2000.01.04 16:45:00
-1.063557835,-1.069937238,-1.070021349,-1.062787696,2000.01.04 17:00:00
-1.062955337,-1.064513538,-1.060982924,-1.065800511,2000.01.04 17:15:00
-1.060545346,-1.062705638,-1.064598294,-1.065197948,2000.01.04 17:30:00
-1.065967826,-1.065116172,-1.065200856,-1.065800511,2000.01.04 17:45:00
-1.062955337,-1.066924071,-1.063995732,-1.068813326,2000.01.04 18:00:00
-1.065967826,-1.069334605,-1.068213664,-1.070018452,2000.01.04 18:15:00
-1.071390305,-1.08138727,-1.070021349,-1.070621015,2000.01.04 18:30:00
-1.068377816,-1.069334605,-1.071226472,-1.065197948,2000.01.04 18:45:00
-1.069582812,-1.071745138,-1.066405979,-1.074236393,2000.01.04 19:00:00
-1.067172821,-1.077771471,-1.074841842,-1.079056897,2000.01.04 19:15:00
-1.078017779,-1.08681097,-1.078457212,-1.087492779,2000.01.04 19:30:00
-1.085247751,-1.085605703,-1.088098198,-1.082069712,2000.01.04 19:45:00
-1.082837761,-1.080784637,-1.082675143,-1.081467149,2000.01.04 20:00:00
-1.074402793,-1.078374104,-1.08147002,-1.071223578,2000.01.04 20:15:00
-1.068980314,-1.072347771,-1.073636719,-1.074838956,2000.01.04 20:30:00
-1.073197798,-1.072347771,-1.073636719,-1.07363383,2000.01.04 20:45:00
-1.068980314,-1.069334605,-1.071829034,-1.070018452,2000.01.04 21:00:00
-1.068377816,-1.071745138,-1.070021349,-1.074236393,2000.01.04 21:15:00
-1.073197798,-1.072347771,-1.070021349,-1.070018452,2000.01.04 21:30:00
-1.070787807,-1.068129338,-1.071226472,-1.068210763,2000.01.04 21:45:00
-1.065967826,-1.065116172,-1.067611102,-1.063992822,2000.01.04 22:00:00
-1.065365328,-1.064513538,-1.062790609,-1.0676082,2000.01.04 22:15:00
-1.069582812,-1.068129338,-1.06700854,-1.071223578,2000.01.04 22:30:00
-1.073800296,-1.072347771,-1.07062391,-1.073031267,2000.01.04 22:45:00
-1.074402793,-1.071142504,-1.073034157,-1.073031267,2000.01.04 23:00:00
-1.073197798,-1.070539871,-1.071829034,-1.07363383,2000.01.04 23:15:00
-1.074402793,-1.074758304,-1.073034157,-1.076646645,2000.01.04 23:30:00
-1.077415282,-1.074758304,-1.076046965,-1.075441519,2000.01.04 23:45:00
-1.075607789,-1.072950404,-1.074841842,-1.073031267,2000.01.05 00:00:00
-1.075607789,-1.074155671,-1.072431595,-1.074838956,2000.01.05 00:15:00
-1.073800296,-1.075360937,-1.074841842,-1.075441519,2000.01.05 00:30:00
-1.075005291,-1.074758304,-1.076649527,-1.072428704,2000.01.05 00:45:00
-1.073800296,-1.075360937,-1.073034157,-1.077851771,2000.01.05 01:00:00
-1.078017779,-1.074155671,-1.076649527,-1.076044082,2000.01.05 01:15:00
-1.075607789,-1.074155671,-1.076649527,-1.074838956,2000.01.05 01:30:00
-1.076812784,-1.074758304,-1.075444403,-1.075441519,2000.01.05 01:45:00
-1.078620277,-1.076566204,-1.076046965,-1.075441519,2000.01.05 02:00:00
-1.076210286,-1.074155671,-1.076649527,-1.074236393,2000.01.05 02:15:00
-1.076812784,-1.074758304,-1.076649527,-1.076044082,2000.01.05 02:30:00
-1.077415282,-1.075963571,-1.075444403,-1.075441519,2000.01.05 02:45:00
-1.078620277,-1.074758304,-1.07785465,-1.076044082,2000.01.05 03:00:00
-1.078620277,-1.077168837,-1.076649527,-1.079056897,2000.01.05 03:15:00
-1.078017779,-1.077168837,-1.079662335,-1.078454334,2000.01.05 03:30:00
-1.078017779,-1.074758304,-1.075444403,-1.075441519,2000.01.05 03:45:00
-1.078017779,-1.074155671,-1.076649527,-1.076044082,2000.01.05 04:00:00
-1.079222775,-1.074758304,-1.076649527,-1.076044082,2000.01.05 04:15:00
-1.079222775,-1.074155671,-1.076649527,-1.076646645,2000.01.05 04:30:00
-1.078620277,-1.074155671,-1.076046965,-1.075441519,2000.01.05 04:45:00
-1.076812784,-1.075963571,-1.076649527,-1.07363383,2000.01.05 05:00:00
-1.070787807,-1.071745138,-1.074841842,-1.0676082,2000.01.05 05:15:00
-1.065967826,-1.065718805,-1.067611102,-1.063390259,2000.01.05 05:30:00
-1.06476283,-1.063308272,-1.063995732,-1.061582569,2000.01.05 05:45:00
-1.061147844,-1.061500372,-1.062790609,-1.064595385,2000.01.05 06:00:00
-1.062955337,-1.060295105,-1.062790609,-1.060980006,2000.01.05 06:15:00
-1.061750342,-1.060897739,-1.062790609,-1.062787696,2000.01.05 06:30:00
-1.062955337,-1.061500372,-1.064598294,-1.062185133,2000.01.05 06:45:00
-1.058737853,-1.061500372,-1.061585486,-1.058569754,2000.01.05 07:00:00
-1.060545346,-1.061500372,-1.057970116,-1.061582569,2000.01.05 07:15:00
-1.06235284,-1.062705638,-1.059777801,-1.060377443,2000.01.05 07:30:00
-1.055725365,-1.058487205,-1.060380362,-1.060377443,2000.01.05 07:45:00
-1.059340351,-1.062103005,-1.059777801,-1.060377443,2000.01.05 08:00:00
-1.034035448,-1.059089839,-1.060380362,-1.033262108,2000.01.05 08:15:00
-1.034035448,-1.041613473,-1.034470212,-1.038082612,2000.01.05 08:30:00
-1.032227955,-1.038600307,-1.038688143,-1.029646729,2000.01.05 08:45:00
-1.018370509,-1.029560808,-1.030854842,-1.023018536,2000.01.05 09:00:00
-1.015960518,-1.021123942,-1.023624102,-1.022415973,2000.01.05 09:15:00
-1.01294803,-1.021123942,-1.022418979,-1.01578778,2000.01.05 09:30:00
-1.012345532,-1.016302875,-1.017598486,-1.015185217,2000.01.05 09:45:00
-1.018973006,-1.026547641,-1.018201047,-1.026031351,2000.01.05 10:00:00
-1.026805476,-1.025945008,-1.027842033,-1.024826225,2000.01.05 10:15:00
-1.028010472,-1.028355541,-1.027842033,-1.027236477,2000.01.05 10:30:00
-1.030420462,-1.032573974,-1.029047157,-1.032659545,2000.01.05 10:45:00
-1.027407974,-1.031971341,-1.032662527,-1.031454419,2000.01.05 11:00:00
-1.031625458,-1.030766074,-1.032662527,-1.029044166,2000.01.05 11:15:00
-1.028612969,-1.027150274,-1.027842033,-1.02783904,2000.01.05 11:30:00
-1.029817965,-1.028958174,-1.027239472,-1.028441603,2000.01.05 11:45:00
-1.032227955,-1.031368707,-1.030854842,-1.032659545,2000.01.05 12:00:00
-1.032830453,-1.034381874,-1.032662527,-1.03567236,2000.01.05 12:15:00
-1.036445439,-1.03739504,-1.034470212,-1.038685175,2000.01.05 12:30:00
-1.037650435,-1.040408207,-1.040495828,-1.037480049,2000.01.05 12:45:00
-1.038252932,-1.037997674,-1.038688143,-1.037480049,2000.01.05 13:00:00
-1.037047937,-1.036189774,-1.036880458,-1.037480049,2000.01.05 13:15:00
-1.032227955,-1.037997674,-1.036277897,-1.032659545,2000.01.05 13:30:00
-1.029215467,-1.031971341,-1.031457403,-1.032659545,2000.01.05 13:45:00
-1.031625458,-1.034984507,-1.034470212,-1.032659545,2000.01.05 14:00:00
-1.021985495,-1.028958174,-1.030854842,-1.020005721,2000.01.05 14:15:00
-1.020178002,-1.018110775,-1.020611294,-1.019403158,2000.01.05 14:30:00
-1.022587992,-1.033176607,-1.024226664,-1.032659545,2000.01.05 14:45:00
-1.03102296,-1.036792407,-1.032059965,-1.038082612,2000.01.05 15:00:00
-1.037650435,-1.04101084,-1.036880458,-1.041095427,2000.01.05 15:15:00
-1.037650435,-1.038600307,-1.039290705,-1.038082612,2000.01.05 15:30:00
-1.03102296,-1.04462664,-1.039290705,-1.02783904,2000.01.05 15:45:00
-1.026202979,-1.030766074,-1.029047157,-1.031454419,2000.01.05 16:00:00
-1.034035448,-1.048845073,-1.03386765,-1.047121057,2000.01.05 16:15:00
-1.045482904,-1.047639806,-1.047726568,-1.042903116,2000.01.05 16:30:00
-1.043072914,-1.045229273,-1.043508636,-1.04772362,2000.01.05 16:45:00
-1.049097891,-1.059089839,-1.045918883,-1.058569754,2000.01.05 17:00:00
-1.053917872,-1.057884572,-1.058572677,-1.055556939,2000.01.05 17:15:00
-1.049700388,-1.051255606,-1.053752184,-1.050736435,2000.01.05 17:30:00
-1.051507881,-1.056076672,-1.051944499,-1.054351813,2000.01.05 17:45:00
-1.050302886,-1.053063506,-1.054957308,-1.050133872,2000.01.05 18:00:00
-1.048495393,-1.049447706,-1.050739376,-1.048928746,2000.01.05 18:15:00
-1.050905384,-1.051255606,-1.048931691,-1.048928746,2000.01.05 18:30:00
-1.044277909,-1.04643454,-1.049534253,-1.042903116,2000.01.05 18:45:00
-1.044880407,-1.044024006,-1.043508636,-1.047121057,2000.01.05 19:00:00
-1.047892895,-1.050652973,-1.047124006,-1.051338998,2000.01.05 19:15:00
-1.052110379,-1.053666139,-1.050739376,-1.055556939,2000.01.05 19:30:00
-1.051507881,-1.051858239,-1.054957308,-1.052544124,2000.01.05 19:45:00
-1.05452037,-1.053063506,-1.052547061,-1.054954376,2000.01.05 20:00:00
-1.055725365,-1.053666139,-1.054354746,-1.056159502,2000.01.05 20:15:00
-1.059340351,-1.066924071,-1.056162431,-1.0676082,2000.01.05 20:30:00
-1.063557835,-1.064513538,-1.06700854,-1.060980006,2000.01.05 20:45:00
-1.063557835,-1.063308272,-1.060982924,-1.063390259,2000.01.05 21:00:00
-1.063557835,-1.062103005,-1.062790609,-1.061582569,2000.01.05 21:15:00
-1.059942849,-1.060295105,-1.061585486,-1.05977488,2000.01.05 21:30:00
-1.059942849,-1.057281939,-1.057970116,-1.056762065,2000.01.05 21:45:00
-1.059340351,-1.057884572,-1.056162431,-1.059172317,2000.01.05 22:00:00
-1.060545346,-1.058487205,-1.059175239,-1.060377443,2000.01.05 22:15:00
-1.060545346,-1.059089839,-1.060380362,-1.057967191,2000.01.05 22:30:00
-1.059942849,-1.061500372,-1.057367554,-1.058569754,2000.01.05 22:45:00
-1.055725365,-1.055474039,-1.058572677,-1.054351813,2000.01.05 23:00:00
-1.056327863,-1.054268772,-1.053752184,-1.057364628,2000.01.05 23:15:00
-1.058135356,-1.055474039,-1.057367554,-1.056762065,2000.01.05 23:30:00
-1.05693036,-1.055474039,-1.057367554,-1.054954376,2000.01.05 23:45:00
-1.058135356,-1.053666139,-1.055559869,-1.056762065,2000.01.06 00:00:00
-1.055122867,-1.054871406,-1.055559869,-1.051941561,2000.01.06 00:15:00
-1.058135356,-1.057281939,-1.054957308,-1.060377443,2000.01.06 00:30:00
-1.060545346,-1.061500372,-1.059175239,-1.059172317,2000.01.06 00:45:00
-1.058737853,-1.057281939,-1.058572677,-1.057967191,2000.01.06 01:00:00
-1.059340351,-1.057281939,-1.056162431,-1.058569754,2000.01.06 01:15:00
-1.05693036,-1.056076672,-1.057970116,-1.054954376,2000.01.06 01:30:00
-1.052110379,-1.056076672,-1.053752184,-1.056762065,2000.01.06 01:45:00
-1.057532858,-1.060295105,-1.055559869,-1.062185133,2000.01.06 02:00:00
-1.061750342,-1.060295105,-1.058572677,-1.060980006,2000.01.06 02:15:00
-1.06235284,-1.058487205,-1.060982924,-1.061582569,2000.01.06 02:30:00
-1.061750342,-1.060897739,-1.060982924,-1.063390259,2000.01.06 02:45:00
-1.059340351,-1.059692472,-1.060380362,-1.058569754,2000.01.06 03:00:00
-1.057532858,-1.055474039,-1.057970116,-1.055556939,2000.01.06 03:15:00
-1.059340351,-1.056679306,-1.056162431,-1.059172317,2000.01.06 03:30:00
-1.059942849,-1.057281939,-1.059777801,-1.05977488,2000.01.06 03:45:00
-1.060545346,-1.058487205,-1.060380362,-1.057364628,2000.01.06 04:00:00
-1.059340351,-1.057281939,-1.059175239,-1.05977488,2000.01.06 04:15:00
-1.060545346,-1.057281939,-1.058572677,-1.058569754,2000.01.06 04:30:00
-1.058737853,-1.055474039,-1.057970116,-1.057364628,2000.01.06 04:45:00
-1.05693036,-1.054871406,-1.056162431,-1.054954376,2000.01.06 05:00:00
-1.05693036,-1.054268772,-1.054354746,-1.056159502,2000.01.06 05:15:00
-1.050905384,-1.053666139,-1.056162431,-1.050736435,2000.01.06 05:30:00
-1.049700388,-1.04824244,-1.051341938,-1.046518494,2000.01.06 05:45:00
-1.043072914,-1.04643454,-1.049534253,-1.04169799,2000.01.06 06:00:00
-1.040060425,-1.042216107,-1.04471376,-1.042903116,2000.01.06 06:15:00
-1.037047937,-1.042216107,-1.040495828,-1.038082612,2000.01.06 06:30:00
-1.035842942,-1.037997674,-1.03748302,-1.033864671,2000.01.06 06:45:00
-1.03102296,-1.033779241,-1.034470212,-1.030249293,2000.01.06 07:00:00
-1.024395486,-1.029560808,-1.031457403,-1.031454419,2000.01.06 07:15:00
-1.032227955,-1.030766074,-1.030854842,-1.029646729,2000.01.06 07:30:00
-1.030420462,-1.029560808,-1.029649718,-1.032056982,2000.01.06 07:45:00
-1.032830453,-1.03920294,-1.029649718,-1.04169799,2000.01.06 08:00:00
-1.040060425,-1.045229273,-1.039893266,-1.045915931,2000.01.06 08:15:00
-1.042470416,-1.04462664,-1.045316321,-1.047121057,2000.01.06 08:30:00
-1.046085402,-1.048845073,-1.047726568,-1.045313368,2000.01.06 08:45:00
-1.043072914,-1.043421373,-1.046521445,-1.042300553,2000.01.06 09:00:00
-1.044880407,-1.051255606,-1.042906075,-1.050736435,2000.01.06 09:15:00
-1.043072914,-1.049447706,-1.051341938,-1.042903116,2000.01.06 09:30:00
-1.044880407,-1.04462664,-1.042303513,-1.044108242,2000.01.06 09:45:00
-1.035842942,-1.04101084,-1.042303513,-1.037480049,2000.01.06 10:00:00
-1.037047937,-1.036792407,-1.03748302,-1.037480049,2000.01.06 10:15:00
-1.040060425,-1.04281874,-1.03748302,-1.043505679,2000.01.06 10:30:00
-1.040662923,-1.042216107,-1.044111198,-1.039890301,2000.01.06 10:45:00
-1.03885543,-1.040408207,-1.040495828,-1.037480049,2000.01.06 11:00:00
-1.040060425,-1.039805573,-1.038085581,-1.040492864,2000.01.06 11:15:00
-1.038252932,-1.040408207,-1.039290705,-1.037480049,2000.01.06 11:30:00
-1.037650435,-1.03739504,-1.03748302,-1.039287738,2000.01.06 11:45:00
-1.037047937,-1.037997674,-1.038085581,-1.034467234,2000.01.06 12:00:00
-1.032830453,-1.034381874,-1.03386765,-1.036877486,2000.01.06 12:15:00
-1.023792988,-1.036189774,-1.03748302,-1.023018536,2000.01.06 12:30:00
-1.018370509,-1.022329208,-1.021816417,-1.016390343,2000.01.06 12:45:00
-1.006320555,-1.015700242,-1.016393362,-1.011569839,2000.01.06 13:00:00
-1.004513062,-1.007866009,-1.010367746,-1.007351898,2000.01.06 13:15:00
-1.005718057,-1.013289709,-1.005547253,-1.016390343,2000.01.06 13:30:00
-1.00752555,-1.012687076,-1.012777992,-1.005544209,2000.01.06 13:45:00
-1.008128048,-1.016905509,-1.006149814,-1.016390343,2000.01.06 14:00:00
-1.017165513,-1.018110775,-1.016393362,-1.017595469,2000.01.06 14:15:00
-1.018370509,-1.024137108,-1.016995924,-1.027236477,2000.01.06 14:30:00
-1.020178002,-1.028355541,-1.024226664,-1.026633914,2000.01.06 14:45:00
-1.025600481,-1.024739741,-1.026034349,-1.026633914,2000.01.06 15:00:00
-1.026202979,-1.028355541,-1.026034349,-1.029044166,2000.01.06 15:15:00
-1.029817965,-1.031368707,-1.02663691,-1.033262108,2000.01.06 15:30:00
-1.032830453,-1.031971341,-1.032662527,-1.030851856,2000.01.06 15:45:00
-1.034637946,-1.03920294,-1.033265088,-1.038685175,2000.01.06 16:00:00
-1.032830453,-1.037997674,-1.04109839,-1.035069797,2000.01.06 16:15:00
-1.033432951,-1.037997674,-1.033265088,-1.040492864,2000.01.06 16:30:00
-1.042470416,-1.044024006,-1.039290705,-1.041095427,2000.01.06 16:45:00
-1.043072914,-1.050050339,-1.04109839,-1.052544124,2000.01.06 17:00:00
-1.053315374,-1.057281939,-1.051341938,-1.055556939,2000.01.06 17:15:00
-1.05693036,-1.059692472,-1.054957308,-1.059172317,2000.01.06 17:30:00
-1.056327863,-1.056076672,-1.059175239,-1.054954376,2000.01.06 17:45:00
-1.05693036,-1.057884572,-1.054957308,-1.056762065,2000.01.06 18:00:00
-1.058737853,-1.062103005,-1.055559869,-1.063992822,2000.01.06 18:15:00
-1.065967826,-1.073553038,-1.065200856,-1.071826141,2000.01.06 18:30:00
-1.074402793,-1.078374104,-1.071829034,-1.07965946,2000.01.06 18:45:00
-1.078017779,-1.084400437,-1.079662335,-1.076646645,2000.01.06 19:00:00
-1.076210286,-1.078374104,-1.075444403,-1.074838956,2000.01.06 19:15:00
-1.067172821,-1.072950404,-1.076046965,-1.068813326,2000.01.06 19:30:00
-1.065365328,-1.068731971,-1.065200856,-1.071223578,2000.01.06 19:45:00
-1.071390305,-1.072347771,-1.071829034,-1.072428704,2000.01.06 20:00:00
-1.074402793,-1.073553038,-1.073636719,-1.072428704,2000.01.06 20:15:00
-1.074402793,-1.072950404,-1.072431595,-1.072428704,2000.01.06 20:30:00
-1.0725953,-1.071745138,-1.073636719,-1.069415889,2000.01.06 20:45:00
-1.066570323,-1.070539871,-1.070021349,-1.064595385,2000.01.06 21:00:00
-1.060545346,-1.060295105,-1.063393171,-1.060980006,2000.01.06 21:15:00
-1.06235284,-1.059089839,-1.061585486,-1.059172317,2000.01.06 21:30:00
-1.059942849,-1.057281939,-1.059175239,-1.059172317,2000.01.06 21:45:00
-1.05693036,-1.057281939,-1.059777801,-1.054351813,2000.01.06 22:00:00
-1.055122867,-1.056076672,-1.054957308,-1.054351813,2000.01.06 22:15:00
-1.055725365,-1.054268772,-1.055559869,-1.054954376,2000.01.06 22:30:00
-1.05693036,-1.054871406,-1.054354746,-1.054351813,2000.01.06 22:45:00
-1.056327863,-1.052460873,-1.054957308,-1.055556939,2000.01.06 23:00:00
-1.053315374,-1.055474039,-1.058572677,-1.050133872,2000.01.06 23:15:00
-1.053917872,-1.053666139,-1.050739376,-1.052544124,2000.01.06 23:30:00
-1.053917872,-1.053063506,-1.051944499,-1.052544124,2000.01.06 23:45:00
-1.05452037,-1.051858239,-1.053149623,-1.054954376,2000.01.07 00:00:00
-1.055122867,-1.053063506,-1.056162431,-1.053146687,2000.01.07 00:15:00
-1.055122867,-1.054268772,-1.052547061,-1.056762065,2000.01.07 00:30:00
-1.058737853,-1.057281939,-1.058572677,-1.060377443,2000.01.07 00:45:00
-1.058737853,-1.056679306,-1.058572677,-1.057967191,2000.01.07 01:00:00
-1.059942849,-1.060295105,-1.056764992,-1.062787696,2000.01.07 01:15:00
-1.06476283,-1.065116172,-1.063995732,-1.068210763,2000.01.07 01:30:00
-1.066570323,-1.066321438,-1.065200856,-1.0676082,2000.01.07 01:45:00
-1.065967826,-1.066321438,-1.068816225,-1.062787696,2000.01.07 02:00:00
-1.065967826,-1.070539871,-1.064598294,-1.070621015,2000.01.07 02:15:00
-1.071390305,-1.070539871,-1.07062391,-1.068813326,2000.01.07 02:30:00
-1.070185309,-1.068731971,-1.069418787,-1.070621015,2000.01.07 02:45:00
-1.068980314,-1.068129338,-1.067611102,-1.069415889,2000.01.07 03:00:00
-1.067775319,-1.065718805,-1.068213664,-1.066403074,2000.01.07 03:15:00
-1.068980314,-1.066321438,-1.065803417,-1.069415889,2000.01.07 03:30:00
-1.067775319,-1.066321438,-1.068213664,-1.068210763,2000.01.07 03:45:00
-1.068980314,-1.066924071,-1.067611102,-1.0676082,2000.01.07 04:00:00
-1.068980314,-1.066321438,-1.068213664,-1.068210763,2000.01.07 04:15:00
-1.067172821,-1.065718805,-1.068816225,-1.063992822,2000.01.07 04:30:00
-1.065365328,-1.062705638,-1.063995732,-1.063390259,2000.01.07 04:45:00
-1.061750342,-1.062705638,-1.063995732,-1.060980006,2000.01.07 05:00:00
-1.059340351,-1.059089839,-1.062188047,-1.058569754,2000.01.07 05:15:00
-1.059340351,-1.058487205,-1.057367554,-1.05977488,2000.01.07 05:30:00
-1.06476283,-1.065718805,-1.065803417,-1.068210763,2000.01.07 05:45:00
-1.068980314,-1.066924071,-1.068816225,-1.067005637,2000.01.07 06:00:00
-1.069582812,-1.067526705,-1.06700854,-1.070621015,2000.01.07 06:15:00
-1.068980314,-1.066924071,-1.069418787,-1.067005637,2000.01.07 06:30:00
-1.067172821,-1.066321438,-1.064598294,-1.066403074,2000.01.07 06:45:00
-1.067775319,-1.070539871,-1.068816225,-1.070621015,2000.01.07 07:00:00
-1.070185309,-1.072347771,-1.071829034,-1.068210763,2000.01.07 07:15:00
-1.068377816,-1.069937238,-1.068213664,-1.068813326,2000.01.07 07:30:00
-1.070185309,-1.074758304,-1.069418787,-1.074838956,2000.01.07 07:45:00
-1.071992802,-1.076566204,-1.073636719,-1.077249208,2000.01.07 08:00:00
-1.074402793,-1.077771471,-1.075444403,-1.071826141,2000.01.07 08:15:00
-1.069582812,-1.075963571,-1.072431595,-1.077851771,2000.01.07 08:30:00
-1.070787807,-1.075360937,-1.07785465,-1.0676082,2000.01.07 08:45:00
-1.063557835,-1.070539871,-1.068213664,-1.065197948,2000.01.07 09:00:00
-1.065967826,-1.068129338,-1.064598294,-1.069415889,2000.01.07 09:15:00
-1.061750342,-1.066321438,-1.068816225,-1.060980006,2000.01.07 09:30:00
-1.061750342,-1.062705638,-1.060982924,-1.064595385,2000.01.07 09:45:00
-1.059942849,-1.064513538,-1.064598294,-1.05977488,2000.01.07 10:00:00
-1.061147844,-1.059692472,-1.057970116,-1.062185133,2000.01.07 10:15:00
-1.065365328,-1.068129338,-1.062790609,-1.070621015,2000.01.07 10:30:00
-1.071390305,-1.072347771,-1.068816225,-1.069415889,2000.01.07 10:45:00
-1.070185309,-1.068731971,-1.067611102,-1.068813326,2000.01.07 11:00:00
-1.067775319,-1.067526705,-1.067611102,-1.0676082,2000.01.07 11:15:00
-1.070787807,-1.071142504,-1.068816225,-1.070621015,2000.01.07 11:30:00
-1.070185309,-1.069937238,-1.071829034,-1.067005637,2000.01.07 11:45:00
-1.067172821,-1.074758304,-1.067611102,-1.075441519,2000.01.07 12:00:00
-1.074402793,-1.08138727,-1.074841842,-1.079056897,2000.01.07 12:15:00
-1.076210286,-1.077771471,-1.080264897,-1.077249208,2000.01.07 12:30:00
-1.08042777,-1.078374104,-1.077252088,-1.079056897,2000.01.07 12:45:00
-1.081030268,-1.07957937,-1.07785465,-1.080262023,2000.01.07 13:00:00
-1.075607789,-1.07957937,-1.080264897,-1.078454334,2000.01.07 13:15:00
-1.079222775,-1.081989904,-1.077252088,-1.077851771,2000.01.07 13:30:00
-1.078620277,-1.078374104,-1.078457212,-1.079056897,2000.01.07 13:45:00
-1.081030268,-1.08138727,-1.078457212,-1.07965946,2000.01.07 14:00:00
-1.076210286,-1.077771471,-1.080867458,-1.07363383,2000.01.07 14:15:00
-1.06476283,-1.091632036,-1.07423928,-1.087492779,2000.01.07 14:30:00
-1.078017779,-1.088016237,-1.086290513,-1.076646645,2000.01.07 14:45:00
-1.078017779,-1.08138727,-1.076649527,-1.075441519,2000.01.07 15:00:00
-1.067172821,-1.073553038,-1.075444403,-1.068813326,2000.01.07 15:15:00
-1.071992802,-1.080784637,-1.071226472,-1.080864586,2000.01.07 15:30:00
-1.075607789,-1.077771471,-1.080867458,-1.077851771,2000.01.07 15:45:00
-1.070185309,-1.075963571,-1.077252088,-1.072428704,2000.01.07 16:00:00
-1.069582812,-1.070539871,-1.071829034,-1.066403074,2000.01.07 16:15:00
-1.065967826,-1.068129338,-1.06700854,-1.071223578,2000.01.07 16:30:00
-1.069582812,-1.074758304,-1.071829034,-1.075441519,2000.01.07 16:45:00
-1.070787807,-1.077168837,-1.074841842,-1.068210763,2000.01.07 17:00:00
-1.070185309,-1.074758304,-1.068213664,-1.072428704,2000.01.07 17:15:00
-1.070185309,-1.071142504,-1.073636719,-1.068813326,2000.01.07 17:30:00
-1.070185309,-1.071745138,-1.068816225,-1.074838956,2000.01.07 17:45:00
-1.074402793,-1.074155671,-1.071226472,-1.074838956,2000.01.07 18:00:00
-1.074402793,-1.072347771,-1.073636719,-1.072428704,2000.01.07 18:15:00
-1.073800296,-1.07957937,-1.072431595,-1.082672275,2000.01.07 18:30:00
-1.0725953,-1.078976737,-1.080867458,-1.071223578,2000.01.07 18:45:00
-1.070185309,-1.071745138,-1.072431595,-1.074838956,2000.01.07 19:00:00
-1.074402793,-1.073553038,-1.074841842,-1.075441519,2000.01.07 19:15:00
-1.077415282,-1.077168837,-1.075444403,-1.078454334,2000.01.07 19:30:00
-1.078017779,-1.076566204,-1.079059773,-1.077249208,2000.01.07 19:45:00
-1.08042777,-1.07957937,-1.079059773,-1.080864586,2000.01.07 20:00:00
-1.083440258,-1.083797803,-1.083277705,-1.08568509,2000.01.07 20:15:00
-1.083440258,-1.082592537,-1.08508539,-1.080864586,2000.01.07 20:30:00
-1.08042777,-1.084400437,-1.080264897,-1.082069712,2000.01.07 20:45:00
-1.08042777,-1.080182004,-1.082675143,-1.082069712,2000.01.07 21:00:00
-1.081030268,-1.081989904,-1.084482828,-1.084479964,2000.01.07 21:15:00
-1.079825272,-1.081989904,-1.08508539,-1.078454334,2000.01.07 21:30:00
-1.075005291,-1.074155671,-1.075444403,-1.074236393,2000.01.07 21:45:00
-1.077415282,-1.075360937,-1.075444403,-1.076044082,2000.01.07 22:00:00
-1.078620277,-1.077168837,-1.076649527,-1.078454334,2000.01.07 22:15:00
-1.075005291,-1.074155671,-1.077252088,-1.073031267,2000.01.07 22:30:00
-1.074402793,-1.070539871,-1.073636719,-1.07363383,2000.01.07 22:45:00
-1.075607789,-1.072347771,-1.075444403,-1.074236393,2000.01.07 23:00:00
-1.075005291,-1.071142504,-1.071829034,-1.072428704,2000.01.07 23:15:00
-1.074402793,-1.068129338,-1.071226472,-1.071223578,2000.01.07 23:30:00
-1.073800296,-1.068731971,-1.07062391,-1.071826141,2000.01.07 23:45:00
-1.075005291,-1.075963571,-1.079059773,-1.071826141,2000.01.10 00:00:00
-1.073800296,-1.072347771,-1.072431595,-1.070621015,2000.01.10 00:15:00
-1.073197798,-1.067526705,-1.070021349,-1.070621015,2000.01.10 00:30:00
-1.070787807,-1.069334605,-1.067611102,-1.072428704,2000.01.10 00:45:00
-1.075005291,-1.074155671,-1.073636719,-1.076044082,2000.01.10 01:00:00
-1.0725953,-1.074155671,-1.07423928,-1.070018452,2000.01.10 01:15:00
-1.0725953,-1.075360937,-1.07062391,-1.076044082,2000.01.10 01:30:00
-1.078017779,-1.078374104,-1.076649527,-1.080864586,2000.01.10 01:45:00
-1.081632765,-1.08319517,-1.08147002,-1.080262023,2000.01.10 02:00:00
-1.078620277,-1.07957937,-1.080867458,-1.080262023,2000.01.10 02:15:00
-1.079825272,-1.077168837,-1.078457212,-1.079056897,2000.01.10 02:30:00
-1.078620277,-1.076566204,-1.078457212,-1.077249208,2000.01.10 02:45:00
-1.079222775,-1.077771471,-1.076046965,-1.077249208,2000.01.10 03:00:00
-1.078620277,-1.076566204,-1.076046965,-1.079056897,2000.01.10 03:15:00
-1.078620277,-1.077771471,-1.077252088,-1.077249208,2000.01.10 03:30:00
-1.073197798,-1.074758304,-1.076649527,-1.077249208,2000.01.10 03:45:00
-1.076812784,-1.074155671,-1.076649527,-1.076646645,2000.01.10 04:00:00
-1.075005291,-1.074155671,-1.076046965,-1.075441519,2000.01.10 04:15:00
-1.076812784,-1.072347771,-1.074841842,-1.074838956,2000.01.10 04:30:00
-1.076812784,-1.072347771,-1.07423928,-1.074838956,2000.01.10 04:45:00
-1.076812784,-1.072347771,-1.075444403,-1.075441519,2000.01.10 05:00:00
-1.077415282,-1.073553038,-1.076046965,-1.075441519,2000.01.10 05:15:00
-1.077415282,-1.073553038,-1.07423928,-1.075441519,2000.01.10 05:30:00
-1.077415282,-1.075360937,-1.07423928,-1.076646645,2000.01.10 05:45:00
-1.078620277,-1.075360937,-1.078457212,-1.077249208,2000.01.10 06:00:00
-1.078017779,-1.075360937,-1.074841842,-1.075441519,2000.01.10 06:15:00
-1.075005291,-1.073553038,-1.076046965,-1.075441519,2000.01.10 06:30:00
-1.076812784,-1.072950404,-1.074841842,-1.07363383,2000.01.10 06:45:00
-1.075607789,-1.074155671,-1.07423928,-1.076044082,2000.01.10 07:00:00
-1.075005291,-1.076566204,-1.075444403,-1.077249208,2000.01.10 07:15:00
-1.078620277,-1.078976737,-1.076649527,-1.078454334,2000.01.10 07:30:00
-1.081030268,-1.084400437,-1.080264897,-1.086890216,2000.01.10 07:45:00
-1.084645254,-1.086208337,-1.086290513,-1.084479964,2000.01.10 08:00:00
-1.087055245,-1.09042677,-1.085687951,-1.09171072,2000.01.10 08:15:00
-1.088862738,-1.09042677,-1.08870076,-1.091108157,2000.01.10 08:30:00
-1.090067733,-1.091029403,-1.091111006,-1.090505594,2000.01.10 08:45:00
-1.087055245,-1.089221503,-1.090508445,-1.085082527,2000.01.10 09:00:00
-1.086452747,-1.09042677,-1.08508539,-1.091108157,2000.01.10 09:15:00
-1.090067733,-1.09042677,-1.090508445,-1.088095342,2000.01.10 09:30:00
-1.090067733,-1.09042677,-1.08870076,-1.090505594,2000.01.10 09:45:00
-1.090670231,-1.089824136,-1.091111006,-1.089300468,2000.01.10 10:00:00
-1.090670231,-1.089221503,-1.089303321,-1.088697905,2000.01.10 10:15:00
-1.089465235,-1.089221503,-1.090508445,-1.092313283,2000.01.10 10:30:00
-1.093682719,-1.099466269,-1.091111006,-1.101351729,2000.01.10 10:45:00
-1.102117687,-1.103684702,-1.101354554,-1.104364544,2000.01.10 11:00:00
-1.10392518,-1.104889969,-1.103764801,-1.106774796,2000.01.10 11:15:00
-1.107540166,-1.109108402,-1.109790417,-1.106774796,2000.01.10 11:30:00
-1.104527677,-1.104889969,-1.106175047,-1.102556855,2000.01.10 11:45:00
-1.10633517,-1.107903135,-1.103764801,-1.107979922,2000.01.10 12:00:00
-1.107540166,-1.107903135,-1.106777609,-1.106172233,2000.01.10 12:15:00
-1.108142663,-1.109108402,-1.104969924,-1.110992737,2000.01.10 12:30:00
-1.110552654,-1.114532101,-1.110392979,-1.115210678,2000.01.10 12:45:00
-1.115975133,-1.116340001,-1.115213472,-1.116415804,2000.01.10 13:00:00
-1.118385124,-1.120558434,-1.115816034,-1.118826056,2000.01.10 13:15:00
-1.120192617,-1.121161067,-1.118828842,-1.120031182,2000.01.10 13:30:00
-1.116577631,-1.118147901,-1.119431404,-1.11762093,2000.01.10 13:45:00
-1.113565143,-1.116942634,-1.11822628,-1.114005552,2000.01.10 14:00:00
-1.115975133,-1.115134734,-1.115213472,-1.114005552,2000.01.10 14:15:00
-1.109347659,-1.113326835,-1.113405787,-1.109787611,2000.01.10 14:30:00
-1.107540166,-1.106697868,-1.109790417,-1.107377359,2000.01.10 14:45:00
-1.109347659,-1.110313668,-1.108585294,-1.109787611,2000.01.10 15:00:00
-1.106937668,-1.107903135,-1.110392979,-1.10556967,2000.01.10 15:15:00
-1.104527677,-1.105492602,-1.106175047,-1.104967107,2000.01.10 15:30:00
-1.107540166,-1.107903135,-1.104969924,-1.10556967,2000.01.10 15:45:00
-1.10392518,-1.103082069,-1.104969924,-1.102556855,2000.01.10 16:00:00
-1.104527677,-1.107300502,-1.102559678,-1.107377359,2000.01.10 16:15:00
-1.10392518,-1.107300502,-1.107380171,-1.104364544,2000.01.10 16:30:00
-1.095490212,-1.103684702,-1.104367362,-1.092915846,2000.01.10 16:45:00
-1.093080221,-1.093439936,-1.09231613,-1.094120973,2000.01.10 17:00:00
-1.092477724,-1.094042569,-1.092918691,-1.093518409,2000.01.10 17:15:00
-1.09609271,-1.099466269,-1.093521253,-1.101351729,2000.01.10 17:30:00
-1.09609271,-1.099466269,-1.099546869,-1.101954292,2000.01.10 17:45:00
-1.099105198,-1.100068902,-1.100751993,-1.103159418,2000.01.10 18:00:00
-1.102720184,-1.103082069,-1.099546869,-1.102556855,2000.01.10 18:15:00
-1.102117687,-1.101876802,-1.101957116,-1.100749166,2000.01.10 18:30:00
-1.094887714,-1.098261002,-1.100149431,-1.093518409,2000.01.10 18:45:00
-1.090067733,-1.091029403,-1.092918691,-1.089903031,2000.01.10 19:00:00
-1.090067733,-1.088016237,-1.089303321,-1.089300468,2000.01.10 19:15:00
-1.088862738,-1.089824136,-1.089905883,-1.090505594,2000.01.10 19:30:00
-1.092477724,-1.091029403,-1.091111006,-1.089300468,2000.01.10 19:45:00
-1.093080221,-1.09223467,-1.089905883,-1.095326099,2000.01.10 20:00:00
-1.097297705,-1.096453103,-1.095931499,-1.098941477,2000.01.10 20:15:00
-1.091272728,-1.095850469,-1.098944308,-1.092313283,2000.01.10 20:30:00
-1.092477724,-1.094042569,-1.09231613,-1.095326099,2000.01.10 20:45:00
-1.095490212,-1.096453103,-1.097136623,-1.095326099,2000.01.10 21:00:00
-1.097900203,-1.096453103,-1.095328938,-1.09954404,2000.01.10 21:15:00
-1.100912691,-1.099466269,-1.102559678,-1.097736351,2000.01.10 21:30:00
-1.096695207,-1.095247836,-1.097739184,-1.093518409,2000.01.10 21:45:00
-1.09609271,-1.095850469,-1.092918691,-1.097133788,2000.01.10 22:00:00
-1.097297705,-1.094042569,-1.097136623,-1.094723536,2000.01.10 22:15:00
-1.097900203,-1.094645203,-1.095328938,-1.097133788,2000.01.10 22:30:00
-1.099105198,-1.095247836,-1.096534061,-1.097133788,2000.01.10 22:45:00
-1.095490212,-1.095247836,-1.096534061,-1.097133788,2000.01.10 23:00:00
-1.09609271,-1.095247836,-1.096534061,-1.097736351,2000.01.10 23:15:00
-1.096695207,-1.094645203,-1.095328938,-1.097736351,2000.01.10 23:30:00
-1.100310194,-1.100068902,-1.098944308,-1.100146603,2000.01.10 23:45:00
-1.100912691,-1.097055736,-1.098944308,-1.097736351,2000.01.11 00:00:00
-1.100310194,-1.098261002,-1.098341746,-1.098338914,2000.01.11 00:15:00
-1.100912691,-1.096453103,-1.097739184,-1.09954404,2000.01.11 00:30:00
-1.097900203,-1.099466269,-1.098944308,-1.101954292,2000.01.11 00:45:00
-1.098502701,-1.100068902,-1.103162239,-1.098338914,2000.01.11 01:00:00
-1.097900203,-1.096453103,-1.098341746,-1.097736351,2000.01.11 01:15:00
-1.097297705,-1.095850469,-1.097136623,-1.095326099,2000.01.11 01:30:00
-1.097297705,-1.095850469,-1.094726376,-1.094723536,2000.01.11 01:45:00
-1.097900203,-1.094645203,-1.096534061,-1.095326099,2000.01.11 02:00:00
-1.094887714,-1.095850469,-1.095931499,-1.09171072,2000.01.11 02:15:00
-1.091875226,-1.092837303,-1.094726376,-1.092313283,2000.01.11 02:30:00
-1.093682719,-1.091029403,-1.09231613,-1.094120973,2000.01.11 02:45:00
-1.094887714,-1.09223467,-1.092918691,-1.093518409,2000.01.11 03:00:00
-1.09609271,-1.095850469,-1.094123814,-1.094120973,2000.01.11 03:15:00
-1.09609271,-1.092837303,-1.095931499,-1.094120973,2000.01.11 03:30:00
-1.097900203,-1.095850469,-1.094726376,-1.095326099,2000.01.11 03:45:00
-1.09609271,-1.092837303,-1.095931499,-1.094723536,2000.01.11 04:00:00
-1.096695207,-1.09223467,-1.095328938,-1.094120973,2000.01.11 04:15:00
-1.09609271,-1.091632036,-1.094726376,-1.093518409,2000.01.11 04:30:00
-1.094285217,-1.09223467,-1.094123814,-1.095326099,2000.01.11 04:45:00
-1.094285217,-1.093439936,-1.094726376,-1.093518409,2000.01.11 05:00:00
-1.094887714,-1.091029403,-1.094123814,-1.092915846,2000.01.11 05:15:00
-1.091272728,-1.091632036,-1.093521253,-1.089903031,2000.01.11 05:30:00
-1.091272728,-1.089824136,-1.090508445,-1.09171072,2000.01.11 05:45:00
-1.093080221,-1.09042677,-1.09231613,-1.092915846,2000.01.11 06:00:00
-1.094285217,-1.09223467,-1.092918691,-1.094120973,2000.01.11 06:15:00
-1.094285217,-1.092837303,-1.093521253,-1.091108157,2000.01.11 06:30:00
-1.093682719,-1.091632036,-1.092918691,-1.090505594,2000.01.11 06:45:00
-1.089465235,-1.088016237,-1.091111006,-1.086287653,2000.01.11 07:00:00
-1.088862738,-1.08861887,-1.087495636,-1.088095342,2000.01.11 07:15:00
-1.076812784,-1.087413603,-1.086290513,-1.077249208,2000.01.11 07:30:00
-1.076210286,-1.077168837,-1.076649527,-1.07363383,2000.01.11 07:45:00
-1.074402793,-1.076566204,-1.073636719,-1.079056897,2000.01.11 08:00:00
-1.075607789,-1.077771471,-1.07785465,-1.07363383,2000.01.11 08:15:00
-1.073800296,-1.076566204,-1.074841842,-1.077851771,2000.01.11 08:30:00
-1.077415282,-1.080182004,-1.077252088,-1.080262023,2000.01.11 08:45:00
-1.079825272,-1.07957937,-1.080867458,-1.077249208,2000.01.11 09:00:00
-1.079825272,-1.07957937,-1.077252088,-1.080864586,2000.01.11 09:15:00
-1.070787807,-1.078374104,-1.08147002,-1.0676082,2000.01.11 09:30:00
-1.066570323,-1.069334605,-1.068816225,-1.063390259,2000.01.11 09:45:00
-1.066570323,-1.065718805,-1.065200856,-1.066403074,2000.01.11 10:00:00
-1.068377816,-1.068731971,-1.067611102,-1.070621015,2000.01.11 10:15:00
-1.070185309,-1.074758304,-1.070021349,-1.075441519,2000.01.11 10:30:00
-1.074402793,-1.074758304,-1.074841842,-1.073031267,2000.01.11 10:45:00
-1.073197798,-1.074758304,-1.073034157,-1.075441519,2000.01.11 11:00:00
-1.073800296,-1.074155671,-1.076046965,-1.072428704,2000.01.11 11:15:00
-1.062955337,-1.071142504,-1.072431595,-1.060980006,2000.01.11 11:30:00
-1.063557835,-1.070539871,-1.062790609,-1.070018452,2000.01.11 11:45:00
-1.068980314,-1.071142504,-1.071226472,-1.070621015,2000.01.11 12:00:00
-1.069582812,-1.069937238,-1.071226472,-1.066403074,2000.01.11 12:15:00
-1.068980314,-1.071745138,-1.067611102,-1.071826141,2000.01.11 12:30:00
-1.075005291,-1.077168837,-1.073034157,-1.075441519,2000.01.11 12:45:00
-1.077415282,-1.077168837,-1.07423928,-1.078454334,2000.01.11 13:00:00
-1.079222775,-1.077771471,-1.07785465,-1.077851771,2000.01.11 13:15:00
-1.077415282,-1.075963571,-1.078457212,-1.077249208,2000.01.11 13:30:00
-1.078017779,-1.077771471,-1.07785465,-1.077249208,2000.01.11 13:45:00
-1.08042777,-1.095850469,-1.078457212,-1.097133788,2000.01.11 14:00:00
-1.090670231,-1.093439936,-1.095328938,-1.091108157,2000.01.11 14:15:00
-1.087657742,-1.091029403,-1.091713568,-1.088697905,2000.01.11 14:30:00
-1.087055245,-1.087413603,-1.089303321,-1.085082527,2000.01.11 14:45:00
-1.085247751,-1.086208337,-1.084482828,-1.087492779,2000.01.11 15:00:00
-1.076812784,-1.084400437,-1.085687951,-1.074236393,2000.01.11 15:15:00
-1.076210286,-1.075963571,-1.075444403,-1.074838956,2000.01.11 15:30:00
-1.076812784,-1.078374104,-1.074841842,-1.07965946,2000.01.11 15:45:00
-1.078620277,-1.078374104,-1.079662335,-1.078454334,2000.01.11 16:00:00
-1.069582812,-1.075963571,-1.078457212,-1.071223578,2000.01.11 16:15:00
-1.0725953,-1.075360937,-1.071226472,-1.076044082,2000.01.11 16:30:00
-1.0725953,-1.075360937,-1.076046965,-1.071826141,2000.01.11 16:45:00
-1.071390305,-1.072347771,-1.07062391,-1.069415889,2000.01.11 17:00:00
-1.061147844,-1.067526705,-1.069418787,-1.060377443,2000.01.11 17:15:00
-1.052712877,-1.059692472,-1.060982924,-1.060980006,2000.01.11 17:30:00
-1.056327863,-1.057884572,-1.060982924,-1.056762065,2000.01.11 17:45:00
-1.055122867,-1.056679306,-1.056764992,-1.057967191,2000.01.11 18:00:00
-1.056327863,-1.056076672,-1.057367554,-1.056159502,2000.01.11 18:15:00
-1.059340351,-1.063308272,-1.056162431,-1.060980006,2000.01.11 18:30:00
-1.059340351,-1.060897739,-1.060982924,-1.05977488,2000.01.11 18:45:00
-1.061750342,-1.062103005,-1.058572677,-1.065197948,2000.01.11 19:00:00
-1.06476283,-1.063308272,-1.065200856,-1.065197948,2000.01.11 19:15:00
-1.060545346,-1.063308272,-1.064598294,-1.060377443,2000.01.11 19:30:00
-1.061750342,-1.061500372,-1.060380362,-1.061582569,2000.01.11 19:45:00
-1.060545346,-1.062103005,-1.061585486,-1.058569754,2000.01.11 20:00:00
-1.060545346,-1.056679306,-1.058572677,-1.059172317,2000.01.11 20:15:00
-1.061147844,-1.059692472,-1.060380362,-1.05977488,2000.01.11 20:30:00
-1.058737853,-1.058487205,-1.060982924,-1.056159502,2000.01.11 20:45:00
-1.057532858,-1.055474039,-1.055559869,-1.057364628,2000.01.11 21:00:00
-1.05693036,-1.056076672,-1.057970116,-1.05374925,2000.01.11 21:15:00
-1.052110379,-1.051858239,-1.054354746,-1.050133872,2000.01.11 21:30:00
-1.049097891,-1.04824244,-1.047726568,-1.050133872,2000.01.11 21:45:00
-1.051507881,-1.048845073,-1.048931691,-1.048928746,2000.01.11 22:00:00
-1.050302886,-1.048845073,-1.047726568,-1.051338998,2000.01.11 22:15:00
-1.05452037,-1.051255606,-1.053149623,-1.05374925,2000.01.11 22:30:00
-1.051507881,-1.053063506,-1.054957308,-1.051941561,2000.01.11 22:45:00
-1.050905384,-1.04824244,-1.048931691,-1.048326183,2000.01.11 23:00:00
-1.050905384,-1.04824244,-1.048931691,-1.050736435,2000.01.11 23:15:00
-1.051507881,-1.047037173,-1.050136814,-1.048928746,2000.01.11 23:30:00
-1.051507881,-1.04824244,-1.048931691,-1.048928746,2000.01.11 23:45:00
-1.050905384,-1.049447706,-1.048329129,-1.052544124,2000.01.12 00:00:00
-1.050905384,-1.04824244,-1.048329129,-1.048326183,2000.01.12 00:15:00
-1.052110379,-1.048845073,-1.049534253,-1.051338998,2000.01.12 00:30:00
-1.050905384,-1.048845073,-1.051341938,-1.048928746,2000.01.12 00:45:00
-1.050905384,-1.055474039,-1.048329129,-1.052544124,2000.01.12 01:00:00
-1.05452037,-1.054268772,-1.052547061,-1.05374925,2000.01.12 01:15:00
-1.055725365,-1.056076672,-1.052547061,-1.056159502,2000.01.12 01:30:00
-1.058135356,-1.056076672,-1.058572677,-1.057364628,2000.01.12 01:45:00
-1.058135356,-1.056076672,-1.054957308,-1.057364628,2000.01.12 02:00:00
-1.057532858,-1.054268772,-1.055559869,-1.055556939,2000.01.12 02:15:00
-1.056327863,-1.054268772,-1.057367554,-1.057364628,2000.01.12 02:30:00
-1.055725365,-1.054268772,-1.055559869,-1.053146687,2000.01.12 02:45:00
-1.052712877,-1.053666139,-1.053752184,-1.05374925,2000.01.12 03:00:00
-1.055122867,-1.053063506,-1.054957308,-1.055556939,2000.01.12 03:15:00
-1.055122867,-1.052460873,-1.054354746,-1.054954376,2000.01.12 03:30:00
-1.05452037,-1.052460873,-1.054957308,-1.05374925,2000.01.12 03:45:00
-1.053315374,-1.050652973,-1.053149623,-1.050736435,2000.01.12 04:00:00
-1.052712877,-1.050050339,-1.051944499,-1.050736435,2000.01.12 04:15:00
-1.050905384,-1.04824244,-1.050136814,-1.048928746,2000.01.12 04:30:00
-1.052110379,-1.04824244,-1.048931691,-1.050736435,2000.01.12 04:45:00
-1.050905384,-1.049447706,-1.049534253,-1.050133872,2000.01.12 05:00:00
-1.052712877,-1.050050339,-1.051944499,-1.050133872,2000.01.12 05:15:00
-1.05452037,-1.052460873,-1.052547061,-1.055556939,2000.01.12 05:30:00
-1.055122867,-1.053666139,-1.053752184,-1.053146687,2000.01.12 05:45:00
-1.055122867,-1.053666139,-1.054354746,-1.053146687,2000.01.12 06:00:00
-1.053917872,-1.052460873,-1.054957308,-1.051338998,2000.01.12 06:15:00
-1.041867918,-1.049447706,-1.052547061,-1.042300553,2000.01.12 06:30:00
-1.040060425,-1.04281874,-1.044111198,-1.044108242,2000.01.12 06:45:00
-1.045482904,-1.047037173,-1.042303513,-1.049531309,2000.01.12 07:00:00
-1.049097891,-1.049447706,-1.048931691,-1.047121057,2000.01.12 07:15:00
-1.048495393,-1.051858239,-1.048931691,-1.05374925,2000.01.12 07:30:00
-1.050905384,-1.053666139,-1.053149623,-1.051338998,2000.01.12 07:45:00
-1.048495393,-1.054871406,-1.051944499,-1.046518494,2000.01.12 08:00:00
-1.048495393,-1.050050339,-1.045316321,-1.051941561,2000.01.12 08:15:00
-1.045482904,-1.049447706,-1.050739376,-1.047121057,2000.01.12 08:30:00
-1.035842942,-1.045831906,-1.047124006,-1.032659545,2000.01.12 08:45:00
-1.034637946,-1.03920294,-1.035072773,-1.039890301,2000.01.12 09:00:00
-1.037047937,-1.040408207,-1.04109839,-1.035069797,2000.01.12 09:15:00
-1.031625458,-1.036189774,-1.036277897,-1.038082612,2000.01.12 09:30:00
-1.037650435,-1.036792407,-1.03748302,-1.038082612,2000.01.12 09:45:00
-1.037650435,-1.04643454,-1.036277897,-1.04772362,2000.01.12 10:00:00
-1.047290397,-1.050652973,-1.047124006,-1.051338998,2000.01.12 10:15:00
-1.052712877,-1.053063506,-1.051944499,-1.052544124,2000.01.12 10:30:00
-1.050905384,-1.050050339,-1.052547061,-1.051338998,2000.01.12 10:45:00
-1.047892895,-1.04824244,-1.051341938,-1.047121057,2000.01.12 11:00:00
-1.049700388,-1.050652973,-1.047124006,-1.050736435,2000.01.12 11:15:00
-1.053917872,-1.054268772,-1.051341938,-1.052544124,2000.01.12 11:30:00
-1.051507881,-1.053666139,-1.054957308,-1.049531309,2000.01.12 11:45:00
-1.050905384,-1.064513538,-1.053752184,-1.059172317,2000.01.12 12:00:00
-1.059942849,-1.068129338,-1.059777801,-1.070018452,2000.01.12 12:15:00
-1.067172821,-1.069334605,-1.068213664,-1.069415889,2000.01.12 12:30:00
-1.066570323,-1.067526705,-1.07062391,-1.065197948,2000.01.12 12:45:00
-1.067172821,-1.068129338,-1.065803417,-1.065800511,2000.01.12 13:00:00
-1.063557835,-1.071142504,-1.068213664,-1.073031267,2000.01.12 13:15:00
-1.0725953,-1.074155671,-1.069418787,-1.072428704,2000.01.12 13:30:00
-1.066570323,-1.069937238,-1.073034157,-1.065197948,2000.01.12 13:45:00
-1.065365328,-1.065718805,-1.066405979,-1.065800511,2000.01.12 14:00:00
-1.068980314,-1.072950404,-1.066405979,-1.070621015,2000.01.12 14:15:00
-1.074402793,-1.075360937,-1.072431595,-1.073031267,2000.01.12 14:30:00
-1.069582812,-1.072347771,-1.073034157,-1.069415889,2000.01.12 14:45:00
-1.070185309,-1.074758304,-1.068213664,-1.074236393,2000.01.12 15:00:00
-1.075607789,-1.080182004,-1.074841842,-1.07965946,2000.01.12 15:15:00
-1.079825272,-1.082592537,-1.080867458,-1.07965946,2000.01.12 15:30:00
-1.071992802,-1.078374104,-1.08147002,-1.069415889,2000.01.12 15:45:00
-1.071992802,-1.072347771,-1.068816225,-1.071826141,2000.01.12 16:00:00
-1.075607789,-1.08500307,-1.074841842,-1.086287653,2000.01.12 16:30:00
-1.087055245,-1.091029403,-1.084482828,-1.087492779,2000.01.12 16:45:00
-1.085247751,-1.08861887,-1.088098198,-1.086287653,2000.01.12 17:00:00
-1.081632765,-1.086208337,-1.085687951,-1.07965946,2000.01.12 17:15:00
-1.081632765,-1.080182004,-1.080867458,-1.082069712,2000.01.12 17:30:00
-1.078620277,-1.07957937,-1.080867458,-1.080864586,2000.01.12 17:45:00
-1.076210286,-1.078976737,-1.080264897,-1.074236393,2000.01.12 18:00:00
-1.070185309,-1.072347771,-1.074841842,-1.071826141,2000.01.12 18:15:00
-1.070787807,-1.072950404,-1.067611102,-1.073031267,2000.01.12 18:30:00
-1.075005291,-1.076566204,-1.071829034,-1.074838956,2000.01.12 18:45:00
-1.069582812,-1.072950404,-1.074841842,-1.070018452,2000.01.12 19:00:00
-1.070787807,-1.069334605,-1.07062391,-1.072428704,2000.01.12 19:15:00
-1.066570323,-1.069937238,-1.072431595,-1.063390259,2000.01.12 19:30:00
-1.065967826,-1.063308272,-1.063393171,-1.065800511,2000.01.12 19:45:00
-1.066570323,-1.063308272,-1.065803417,-1.063992822,2000.01.12 20:00:00
-1.06476283,-1.063308272,-1.063393171,-1.062787696,2000.01.12 20:15:00
-1.061750342,-1.060897739,-1.062790609,-1.062787696,2000.01.12 20:30:00
-1.063557835,-1.062103005,-1.063393171,-1.065197948,2000.01.12 20:45:00
-1.063557835,-1.063910905,-1.063393171,-1.065800511,2000.01.12 21:00:00
-1.066570323,-1.062705638,-1.064598294,-1.063390259,2000.01.12 21:15:00
-1.063557835,-1.062103005,-1.065200856,-1.062787696,2000.01.12 21:30:00
-1.065365328,-1.062705638,-1.062790609,-1.064595385,2000.01.12 21:45:00
-1.067172821,-1.063910905,-1.065200856,-1.065800511,2000.01.12 22:00:00
-1.063557835,-1.063308272,-1.066405979,-1.060377443,2000.01.12 22:15:00
-1.065365328,-1.060295105,-1.062188047,-1.062185133,2000.01.12 22:30:00
-1.06476283,-1.061500372,-1.061585486,-1.063390259,2000.01.12 22:45:00
-1.062955337,-1.060897739,-1.063995732,-1.061582569,2000.01.12 23:00:00
-1.06476283,-1.062103005,-1.061585486,-1.063390259,2000.01.12 23:15:00
-1.065967826,-1.062705638,-1.063995732,-1.063992822,2000.01.12 23:30:00
-1.066570323,-1.063910905,-1.063393171,-1.065800511,2000.01.12 23:45:00
-1.067775319,-1.062705638,-1.065200856,-1.064595385,2000.01.13 00:00:00
-1.066570323,-1.062103005,-1.065200856,-1.064595385,2000.01.13 00:15:00
-1.067172821,-1.063910905,-1.063995732,-1.065800511,2000.01.13 00:30:00
-1.068980314,-1.068731971,-1.06700854,-1.065800511,2000.01.13 00:45:00
-1.068377816,-1.067526705,-1.067611102,-1.068813326,2000.01.13 01:00:00
-1.069582812,-1.066321438,-1.069418787,-1.068210763,2000.01.13 01:15:00
-1.067775319,-1.066321438,-1.068213664,-1.067005637,2000.01.13 01:30:00
-1.064160333,-1.063308272,-1.065200856,-1.061582569,2000.01.13 01:45:00
-1.064160333,-1.063308272,-1.062188047,-1.064595385,2000.01.13 02:00:00
-1.065967826,-1.063910905,-1.065200856,-1.065197948,2000.01.13 02:15:00
-1.06476283,-1.063308272,-1.065200856,-1.063992822,2000.01.13 02:30:00
-1.067172821,-1.065718805,-1.066405979,-1.064595385,2000.01.13 02:45:00
-1.067172821,-1.067526705,-1.06700854,-1.070621015,2000.01.13 03:00:00
-1.070787807,-1.071745138,-1.070021349,-1.068813326,2000.01.13 03:15:00
-1.068980314,-1.071142504,-1.07423928,-1.068813326,2000.01.13 03:30:00
-1.071390305,-1.068731971,-1.068213664,-1.068210763,2000.01.13 03:45:00
-1.071390305,-1.068731971,-1.069418787,-1.071223578,2000.01.13 04:00:00
-1.071992802,-1.068731971,-1.07062391,-1.068813326,2000.01.13 04:15:00
-1.071992802,-1.067526705,-1.07062391,-1.069415889,2000.01.13 04:30:00
-1.071390305,-1.067526705,-1.070021349,-1.068210763,2000.01.13 04:45:00
-1.070787807,-1.069937238,-1.071226472,-1.070621015,2000.01.13 05:00:00
-1.071992802,-1.068731971,-1.071226472,-1.070018452,2000.01.13 05:15:00
-1.071992802,-1.069937238,-1.071226472,-1.072428704,2000.01.13 05:30:00
-1.0725953,-1.072347771,-1.071829034,-1.074838956,2000.01.13 05:45:00
-1.076210286,-1.072347771,-1.07423928,-1.074236393,2000.01.13 06:00:00
-1.073800296,-1.074758304,-1.075444403,-1.076646645,2000.01.13 06:15:00
-1.078620277,-1.077771471,-1.078457212,-1.079056897,2000.01.13 06:30:00
-1.081030268,-1.080784637,-1.07785465,-1.07965946,2000.01.13 06:45:00
-1.073800296,-1.07957937,-1.079059773,-1.07363383,2000.01.13 07:00:00
-1.075005291,-1.072347771,-1.073636719,-1.074838956,2000.01.13 07:15:00
-1.0725953,-1.074155671,-1.07423928,-1.07363383,2000.01.13 07:30:00
-1.076812784,-1.075963571,-1.074841842,-1.074838956,2000.01.13 07:45:00
-1.076210286,-1.077168837,-1.075444403,-1.076044082,2000.01.13 08:00:00
-1.075005291,-1.078976737,-1.074841842,-1.07363383,2000.01.13 08:15:00
-1.073800296,-1.074758304,-1.074841842,-1.072428704,2000.01.13 08:30:00
-1.073800296,-1.076566204,-1.072431595,-1.077851771,2000.01.13 08:45:00
-1.068980314,-1.077168837,-1.07785465,-1.075441519,2000.01.13 09:00:00
-1.073197798,-1.075963571,-1.07423928,-1.07363383,2000.01.13 09:15:00
-1.073800296,-1.074758304,-1.07423928,-1.074236393,2000.01.13 09:30:00
-1.073197798,-1.073553038,-1.074841842,-1.072428704,2000.01.13 09:45:00
-1.071992802,-1.073553038,-1.073636719,-1.073031267,2000.01.13 10:00:00
-1.068980314,-1.070539871,-1.072431595,-1.069415889,2000.01.13 10:15:00
-1.071390305,-1.071142504,-1.068213664,-1.069415889,2000.01.13 10:30:00
-1.070185309,-1.069334605,-1.068816225,-1.069415889,2000.01.13 10:45:00
-1.068980314,-1.072347771,-1.070021349,-1.073031267,2000.01.13 11:00:00
-1.071390305,-1.072347771,-1.075444403,-1.068813326,2000.01.13 11:15:00
-1.070185309,-1.069334605,-1.07062391,-1.068813326,2000.01.13 11:30:00
-1.069582812,-1.069334605,-1.068816225,-1.069415889,2000.01.13 11:45:00
-1.070787807,-1.070539871,-1.068213664,-1.068813326,2000.01.13 12:00:00
-1.070787807,-1.071142504,-1.069418787,-1.073031267,2000.01.13 12:15:00
-1.073197798,-1.072347771,-1.071829034,-1.072428704,2000.01.13 12:30:00
-1.074402793,-1.077771471,-1.071829034,-1.078454334,2000.01.13 12:45:00
-1.078017779,-1.080182004,-1.079059773,-1.079056897,2000.01.13 13:00:00
-1.079825272,-1.082592537,-1.079059773,-1.08568509,2000.01.13 13:15:00
-1.086452747,-1.08861887,-1.083277705,-1.085082527,2000.01.13 13:30:00
-1.086452747,-1.085605703,-1.086290513,-1.086287653,2000.01.13 13:45:00
-1.087055245,-1.08681097,-1.085687951,-1.086287653,2000.01.13 14:00:00
-1.087055245,-1.09042677,-1.086893075,-1.089903031,2000.01.13 14:15:00
-1.091875226,-1.105492602,-1.089303321,-1.097133788,2000.01.13 14:30:00
-1.092477724,-1.097658369,-1.096534061,-1.091108157,2000.01.13 14:45:00
-1.091272728,-1.094042569,-1.091713568,-1.088095342,2000.01.13 15:00:00
-1.091272728,-1.094042569,-1.090508445,-1.095928662,2000.01.13 15:15:00
-1.094887714,-1.097055736,-1.095931499,-1.097133788,2000.01.13 15:30:00
-1.091875226,-1.094042569,-1.097136623,-1.092313283,2000.01.13 15:45:00
-1.087055245,-1.091632036,-1.093521253,-1.088095342,2000.01.13 16:00:00
-1.085247751,-1.09042677,-1.08508539,-1.09171072,2000.01.13 16:15:00
-1.091272728,-1.09042677,-1.090508445,-1.09171072,2000.01.13 16:30:00
-1.090067733,-1.091029403,-1.091111006,-1.087492779,2000.01.13 16:45:00
-1.089465235,-1.089824136,-1.088098198,-1.09171072,2000.01.13 17:00:00
-1.088862738,-1.091632036,-1.090508445,-1.088095342,2000.01.13 17:15:00
-1.085247751,-1.08861887,-1.087495636,-1.088697905,2000.01.13 17:30:00
-1.088862738,-1.08861887,-1.088098198,-1.089300468,2000.01.13 17:45:00
-1.090670231,-1.091632036,-1.08870076,-1.092313283,2000.01.13 18:00:00
-1.093080221,-1.097658369,-1.092918691,-1.097736351,2000.01.13 18:15:00
-1.09609271,-1.095850469,-1.098944308,-1.092915846,2000.01.13 18:30:00
-1.093080221,-1.089824136,-1.092918691,-1.092915846,2000.01.13 18:45:00
-1.093080221,-1.091029403,-1.092918691,-1.094120973,2000.01.13 19:00:00
-1.094887714,-1.093439936,-1.092918691,-1.094120973,2000.01.13 19:15:00
-1.093682719,-1.096453103,-1.093521253,-1.095326099,2000.01.13 19:30:00
-1.096695207,-1.098261002,-1.096534061,-1.095326099,2000.01.13 19:45:00
-1.096695207,-1.093439936,-1.094726376,-1.095928662,2000.01.13 20:00:00
-1.097297705,-1.094645203,-1.095931499,-1.095928662,2000.01.13 20:15:00
-1.096695207,-1.096453103,-1.094726376,-1.095326099,2000.01.13 20:30:00
-1.096695207,-1.094042569,-1.094726376,-1.096531225,2000.01.13 20:45:00
-1.099105198,-1.096453103,-1.095931499,-1.098338914,2000.01.13 21:00:00
-1.097297705,-1.094645203,-1.097739184,-1.095326099,2000.01.13 21:15:00
-1.096695207,-1.094042569,-1.094726376,-1.095326099,2000.01.13 21:30:00
-1.099105198,-1.095850469,-1.095931499,-1.097736351,2000.01.13 21:45:00
-1.099707696,-1.095247836,-1.096534061,-1.097133788,2000.01.13 22:00:00
-1.099707696,-1.095850469,-1.097739184,-1.096531225,2000.01.13 22:15:00
-1.094887714,-1.094645203,-1.097136623,-1.092313283,2000.01.13 22:30:00
-1.09609271,-1.092837303,-1.092918691,-1.095928662,2000.01.13 22:45:00
-1.099105198,-1.094645203,-1.096534061,-1.097736351,2000.01.13 23:00:00
-1.097900203,-1.095850469,-1.098341746,-1.095326099,2000.01.13 23:15:00
-1.097297705,-1.093439936,-1.094726376,-1.094723536,2000.01.13 23:30:00
-1.097297705,-1.091632036,-1.094123814,-1.094723536,2000.01.13 23:45:00
-1.095490212,-1.09223467,-1.094123814,-1.094723536,2000.01.14 00:00:00
-1.097297705,-1.094042569,-1.095328938,-1.097133788,2000.01.14 00:15:00
-1.098502701,-1.096453103,-1.097739184,-1.098338914,2000.01.14 00:30:00
-1.094887714,-1.095850469,-1.095931499,-1.092915846,2000.01.14 00:45:00
-1.093080221,-1.096453103,-1.09231613,-1.097736351,2000.01.14 01:00:00
-1.097900203,-1.097658369,-1.098944308,-1.09954404,2000.01.14 01:15:00
-1.100310194,-1.103684702,-1.097136623,-1.103761981,2000.01.14 01:30:00
-1.10392518,-1.106697868,-1.104969924,-1.106774796,2000.01.14 01:45:00
-1.106937668,-1.104287335,-1.105572486,-1.104364544,2000.01.14 02:00:00
-1.100310194,-1.102479435,-1.103764801,-1.097736351,2000.01.14 02:15:00
-1.088862738,-1.094645203,-1.095931499,-1.095928662,2000.01.14 02:30:00
-1.097900203,-1.096453103,-1.094726376,-1.098941477,2000.01.14 02:45:00
-1.097297705,-1.098863636,-1.097136623,-1.098941477,2000.01.14 03:00:00
-1.098502701,-1.097658369,-1.100149431,-1.097736351,2000.01.14 03:15:00
-1.097900203,-1.094645203,-1.096534061,-1.095326099,2000.01.14 03:30:00
-1.09609271,-1.094042569,-1.095931499,-1.094723536,2000.01.14 03:45:00
-1.094887714,-1.09223467,-1.091713568,-1.092915846,2000.01.14 04:00:00
-1.095490212,-1.092837303,-1.093521253,-1.094120973,2000.01.14 04:15:00
-1.094285217,-1.09223467,-1.092918691,-1.093518409,2000.01.14 04:30:00
-1.091875226,-1.091632036,-1.092918691,-1.088697905,2000.01.14 04:45:00
-1.095490212,-1.091632036,-1.092918691,-1.092915846,2000.01.14 05:00:00
-1.093080221,-1.093439936,-1.09231613,-1.091108157,2000.01.14 05:15:00
-1.096695207,-1.094645203,-1.093521253,-1.096531225,2000.01.14 05:30:00
-1.097900203,-1.094042569,-1.097136623,-1.095326099,2000.01.14 05:45:00
-1.096695207,-1.092837303,-1.095931499,-1.095928662,2000.01.14 06:00:00
-1.097297705,-1.094645203,-1.095328938,-1.094723536,2000.01.14 06:15:00
-1.093682719,-1.092837303,-1.095328938,-1.090505594,2000.01.14 06:30:00
-1.093080221,-1.091029403,-1.09231613,-1.093518409,2000.01.14 06:45:00
-1.095490212,-1.092837303,-1.09231613,-1.092313283,2000.01.14 07:00:00
-1.093682719,-1.093439936,-1.09231613,-1.093518409,2000.01.14 07:15:00
-1.09609271,-1.094042569,-1.094726376,-1.093518409,2000.01.14 07:30:00
-1.094887714,-1.095850469,-1.092918691,-1.097736351,2000.01.14 07:45:00
-1.097900203,-1.099466269,-1.098944308,-1.101954292,2000.01.14 08:00:00
-1.10392518,-1.110313668,-1.102559678,-1.104364544,2000.01.14 08:15:00
-1.105732673,-1.106095235,-1.102559678,-1.107377359,2000.01.14 08:30:00
-1.107540166,-1.109711035,-1.107380171,-1.104364544,2000.01.14 08:45:00
-1.105130175,-1.108505768,-1.104969924,-1.107979922,2000.01.14 09:00:00
-1.107540166,-1.107903135,-1.109187856,-1.108582485,2000.01.14 09:15:00
-1.110552654,-1.110313668,-1.110995541,-1.109185048,2000.01.14 09:30:00
-1.109950156,-1.110313668,-1.109187856,-1.108582485,2000.01.14 09:45:00
-1.108142663,-1.107300502,-1.107380171,-1.106774796,2000.01.14 10:00:00
-1.105130175,-1.104889969,-1.107982732,-1.104364544,2000.01.14 10:15:00
-1.10633517,-1.104889969,-1.103764801,-1.103159418,2000.01.14 10:30:00
-1.105732673,-1.105492602,-1.104367362,-1.10556967,2000.01.14 10:45:00
-1.105130175,-1.104889969,-1.104969924,-1.104967107,2000.01.14 11:00:00
-1.106937668,-1.105492602,-1.106175047,-1.104967107,2000.01.14 11:15:00
-1.103322682,-1.105492602,-1.105572486,-1.103159418,2000.01.14 11:30:00
-1.096695207,-1.100068902,-1.101354554,-1.095326099,2000.01.14 11:45:00
-1.097297705,-1.095850469,-1.095931499,-1.097736351,2000.01.14 12:00:00
-1.100912691,-1.099466269,-1.097739184,-1.09954404,2000.01.14 12:15:00
-1.099707696,-1.098863636,-1.098944308,-1.100749166,2000.01.14 12:30:00
-1.101515189,-1.107903135,-1.100751993,-1.109787611,2000.01.14 12:45:00
-1.11175765,-1.116942634,-1.110392979,-1.114608115,2000.01.14 13:00:00
-1.114770138,-1.114532101,-1.115213472,-1.115210678,2000.01.14 13:15:00
-1.116577631,-1.118750534,-1.11461091,-1.119428619,2000.01.14 13:30:00
-1.116577631,-1.118147901,-1.120033965,-1.114608115,2000.01.14 13:45:00
-1.115372636,-1.115134734,-1.11461091,-1.115813241,2000.01.14 14:00:00
-1.117180129,-1.118147901,-1.116418595,-1.119428619,2000.01.14 14:15:00
-1.119590119,-1.134419,-1.118828842,-1.129069628,2000.01.14 14:30:00
-1.130435078,-1.143458499,-1.127867267,-1.141723451,2000.01.14 14:45:00
-1.140677538,-1.140445333,-1.142328746,-1.141120888,2000.01.14 15:00:00
-1.139472543,-1.141650599,-1.139315938,-1.13750551,2000.01.14 15:15:00
-1.136460055,-1.136829533,-1.138110815,-1.139313199,2000.01.14 15:30:00
-1.134050064,-1.136829533,-1.138110815,-1.134492695,2000.01.14 15:45:00
-1.135857557,-1.141650599,-1.137508253,-1.139313199,2000.01.14 16:00:00
-1.142485031,-1.171782264,-1.142931308,-1.171249039,2000.01.14 16:15:00
-1.168994929,-1.175398063,-1.17305939,-1.16944135,2000.01.14 16:30:00
-1.170199925,-1.179013863,-1.170046582,-1.180890047,2000.01.14 16:45:00
-1.173814911,-1.179616496,-1.180892691,-1.173056728,2000.01.14 17:00:00
-1.17140492,-1.17298753,-1.173661952,-1.168838787,2000.01.14 17:15:00
-1.167789934,-1.168769097,-1.170046582,-1.164620846,2000.01.14 17:30:00
-1.166584939,-1.17298753,-1.16582865,-1.174261854,2000.01.14 17:45:00
-1.162969953,-1.172384897,-1.174264513,-1.159800342,2000.01.14 18:00:00
-1.160559962,-1.163345397,-1.159803034,-1.164018283,2000.01.14 18:15:00
-1.165982441,-1.165755931,-1.164623527,-1.167633661,2000.01.14 18:30:00
-1.164174948,-1.164550664,-1.167636335,-1.165223409,2000.01.14 18:45:00
-1.165379943,-1.168166464,-1.165226089,-1.16341572,2000.01.14 19:00:00
-1.16357245,-1.160934864,-1.162815842,-1.161608031,2000.01.14 19:15:00
-1.162969953,-1.160332231,-1.161610719,-1.161005468,2000.01.14 19:30:00
-1.160559962,-1.160934864,-1.161610719,-1.158595216,2000.01.14 19:45:00
-1.159957464,-1.163948031,-1.158597911,-1.166428535,2000.01.14 20:00:00
-1.165982441,-1.165153297,-1.166431212,-1.165825972,2000.01.14 20:15:00
-1.165982441,-1.163345397,-1.16582865,-1.164018283,2000.01.14 20:30:00
-1.159957464,-1.162140131,-1.163418404,-1.156787526,2000.01.14 20:45:00
-1.16116246,-1.161537498,-1.158597911,-1.16341572,2000.01.14 21:00:00
-1.165982441,-1.161537498,-1.164020965,-1.164620846,2000.01.14 21:15:00
-1.167187436,-1.163345397,-1.164020965,-1.165825972,2000.01.14 21:30:00
-1.167187436,-1.163948031,-1.166431212,-1.164018283,2000.01.14 21:45:00
-1.167187436,-1.166961197,-1.164623527,-1.168236224,2000.01.14 22:00:00
-1.170199925,-1.171782264,-1.167033774,-1.170646476,2000.01.14 22:15:00
-1.175019906,-1.17479543,-1.172456828,-1.176672106,2000.01.14 22:30:00
-1.179839888,-1.175398063,-1.177879883,-1.178479795,2000.01.14 22:45:00
-1.174417409,-1.17479543,-1.177879883,-1.176069543,2000.01.14 23:00:00
-1.177429897,-1.17841123,-1.174264513,-1.180287484,2000.01.14 23:15:00
-1.181044883,-1.177205963,-1.179687568,-1.179684921,2000.01.14 23:30:00
-1.180442385,-1.176000697,-1.178482445,-1.177877232,2000.01.14 23:45:00
-1.175622404,-1.171782264,-1.173661952,-1.174864417,2000.01.17 00:00:00
-1.178032395,-1.173590163,-1.175469637,-1.176672106,2000.01.17 00:15:00
-1.179839888,-1.175398063,-1.177277322,-1.177877232,2000.01.17 00:30:00
-1.181044883,-1.176000697,-1.178482445,-1.177877232,2000.01.17 00:45:00
-1.175622404,-1.174192797,-1.177277322,-1.173659291,2000.01.17 01:00:00
-1.17140492,-1.169974364,-1.171251705,-1.170646476,2000.01.17 01:15:00
-1.172007418,-1.16937173,-1.170649143,-1.16944135,2000.01.17 01:30:00
-1.170199925,-1.170576997,-1.168841459,-1.173659291,2000.01.17 01:45:00
-1.173212413,-1.171782264,-1.174264513,-1.171851602,2000.01.17 02:00:00
-1.173814911,-1.16937173,-1.171251705,-1.172454165,2000.01.17 02:15:00
-1.173212413,-1.17117963,-1.17305939,-1.170646476,2000.01.17 02:30:00
-1.172007418,-1.168166464,-1.170649143,-1.170043913,2000.01.17 02:45:00
-1.172609915,-1.16937173,-1.171251705,-1.172454165,2000.01.17 03:00:00
-1.172007418,-1.169974364,-1.171251705,-1.168838787,2000.01.17 03:15:00
-1.170199925,-1.168769097,-1.167033774,-1.171851602,2000.01.17 03:30:00
-1.173212413,-1.168769097,-1.170046582,-1.170646476,2000.01.17 03:45:00
-1.172609915,-1.169974364,-1.16944402,-1.171249039,2000.01.17 04:00:00
-1.173814911,-1.168769097,-1.170649143,-1.171249039,2000.01.17 04:15:00
-1.173212413,-1.16937173,-1.171854267,-1.171249039,2000.01.17 04:30:00
-1.173814911,-1.168769097,-1.171854267,-1.171851602,2000.01.17 04:45:00
-1.172609915,-1.168769097,-1.170649143,-1.171249039,2000.01.17 05:00:00
-1.172609915,-1.168769097,-1.171854267,-1.171249039,2000.01.17 05:15:00
-1.172609915,-1.168769097,-1.16944402,-1.170646476,2000.01.17 05:30:00
-1.172007418,-1.167563831,-1.16944402,-1.170646476,2000.01.17 05:45:00
-1.172609915,-1.168769097,-1.170649143,-1.171249039,2000.01.17 06:00:00
-1.17140492,-1.169974364,-1.170649143,-1.168838787,2000.01.17 06:15:00
-1.168994929,-1.165755931,-1.168238897,-1.167031098,2000.01.17 06:30:00
-1.167187436,-1.165153297,-1.167033774,-1.166428535,2000.01.17 06:45:00
-1.165379943,-1.164550664,-1.16582865,-1.167031098,2000.01.17 07:00:00
-1.167187436,-1.167563831,-1.167636335,-1.168236224,2000.01.17 07:15:00
-1.172609915,-1.176000697,-1.170046582,-1.174261854,2000.01.17 07:30:00
-1.172609915,-1.171782264,-1.173661952,-1.170646476,2000.01.17 07:45:00
-1.168994929,-1.16937173,-1.171854267,-1.167031098,2000.01.17 08:00:00
-1.168994929,-1.17479543,-1.167636335,-1.174864417,2000.01.17 08:15:00
-1.173212413,-1.17660333,-1.174867075,-1.174864417,2000.01.17 08:30:00
-1.173212413,-1.174192797,-1.176072198,-1.177274669,2000.01.17 08:45:00
-1.178032395,-1.189861262,-1.174867075,-1.188723366,2000.01.17 09:00:00
-1.187672358,-1.189861262,-1.186315746,-1.186313114,2000.01.17 09:15:00
-1.184057371,-1.187450729,-1.186315746,-1.18751824,2000.01.17 09:30:00
-1.170802422,-1.190463895,-1.186918308,-1.183902862,2000.01.17 09:45:00
-1.182249878,-1.183232296,-1.183302938,-1.183300299,2000.01.17 10:00:00
-1.176827399,-1.180821763,-1.1839055,-1.176069543,2000.01.17 10:15:00
-1.173814911,-1.174192797,-1.175469637,-1.176069543,2000.01.17 10:30:00
